name,program,attendance,skill_before,skill_after,assessment,email,phone
Student_001,Digital Literacy,85,3,7,82,student001@ngo.org,+1-555-4001
Student_002,Vocational Training,67,4,6,65,student002@ngo.org,+1-555-4002
Student_003,Health Education,92,2,8,89,student003@ngo.org,+1-555-4003
Student_004,Digital Literacy,45,5,5,42,student004@ngo.org,+1-555-4004
Student_005,Vocational Training,78,6,8,76,student005@ngo.org,+1-555-4005
Student_006,Health Education,56,3,4,53,student006@ngo.org,+1-555-4006
Student_007,Digital Literacy,89,1,6,87,student007@ngo.org,+1-555-4007
Student_008,Vocational Training,34,7,6,31,student008@ngo.org,+1-555-4008
Student_009,Health Education,91,4,9,88,student009@ngo.org,+1-555-4009
Student_010,Digital Literacy,72,5,7,74,student010@ngo.org,+1-555-4010
Student_011,Vocational Training,58,2,3,55,student011@ngo.org,+1-555-4011
Student_012,Health Education,83,6,9,81,student012@ngo.org,+1-555-4012
Student_013,Digital Literacy,41,8,7,38,student013@ngo.org,+1-555-4013
Student_014,Vocational Training,76,3,7,73,student014@ngo.org,+1-555-4014
Student_015,Health Education,94,1,8,92,student015@ngo.org,+1-555-4015
Student_016,Digital Literacy,29,4,3,26,student016@ngo.org,+1-555-4016
Student_017,Vocational Training,87,5,8,85,student017@ngo.org,+1-555-4017
Student_018,Health Education,63,7,8,68,student018@ngo.org,+1-555-4018
Student_019,Digital Literacy,95,2,7,93,student019@ngo.org,+1-555-4019
Student_020,Vocational Training,52,6,6,49,student020@ngo.org,+1-555-4020
Student_021,Health Education,88,3,8,86,student021@ngo.org,+1-555-4021
Student_022,Digital Literacy,47,9,8,44,student022@ngo.org,+1-555-4022
Student_023,Vocational Training,79,4,7,77,student023@ngo.org,+1-555-4023
Student_024,Health Education,35,5,4,32,student024@ngo.org,+1-555-4024
Student_025,Digital Literacy,86,6,9,84,student025@ngo.org,+1-555-4025
Student_026,Vocational Training,61,2,5,58,student026@ngo.org,+1-555-4026
Student_027,Health Education,93,7,9,91,student027@ngo.org,+1-555-4027
Student_028,Digital Literacy,38,3,2,35,student028@ngo.org,+1-555-4028
Student_029,Vocational Training,84,8,9,82,student029@ngo.org,+1-555-4029
Student_030,Health Education,71,4,6,69,student030@ngo.org,+1-555-4030